ID,FirstName,LastName,Address,Birthday
1,Geovanny,Towne,"43890 Hackett River Apt. 572
Rhodaton, LA 96806-6264",Oct-12-1992
2,Marty,Cruickshank,"4172 Collins Via Apt. 993
North Margaret, WV 19267-9784",Mar-09-1991
3,Arnulfo,Collins,"1478 Leffler Club
Weberbury, ID 49818",Jun-01-1997
4,Raleigh,Jacobi,"970 Cronin Pines
Port Darrenport, LA 25232",Oct-14-1970
5,Lavonne,Streich,"79704 West Loop Suite 557
Johnsonchester, MO 86665",Mar-19-2007
6,Eleonore,Schuppe,"12504 Zemlak Ridge
North Marco, OH 56758",Jul-16-2007
7,Ahmed,Grant,"9685 Fernando Path Apt. 185
Batzhaven, GA 04040-9435",Sep-10-2013
8,Coty,Dooley,"82501 Runolfsdottir Shoals Suite 936
South Maverickfort, VA 30476-7183",Apr-16-1985
9,Raleigh,Shanahan,"9395 Pfeffer Parkways Apt. 945
Port Isaiah, OR 80851-2326",Jan-17-2020
10,Winnifred,Kuhlman,"1728 Bradtke Mountains
East Mauriciofort, KY 67493-8682",Sep-06-2013
11,Bennie,Mosciski,"53789 Gottlieb Road Apt. 773
North Conradview, NC 68739",Dec-22-1996
12,Melvin,Yost,"30385 Senger Orchard Apt. 412
West Rigobertomouth, RI 39046",Jun-05-1970
13,Samantha,Effertz,"76528 Rozella Spurs
Geovannimouth, SC 25955-1577",May-17-2011
14,Brant,Bednar,"2061 Gianni Landing Apt. 092
South Brandt, AR 36142",Jul-06-1970
15,Courtney,Brakus,"8556 Sarai Branch Suite 558
South Rudy, MI 34241-2376",Jun-07-1993
16,Haylee,Wehner,"9303 O'Hara Dam
North Ally, KY 20417",Jan-07-1981
17,Annetta,Kirlin,"9913 Kieran Plains Apt. 898
Port Alifurt, IN 97435-2358",Sep-18-2004
18,Hosea,McLaughlin,"85251 Jodie Drive Apt. 795
Port Tristian, HI 28233",Aug-15-1979
19,Glenda,Kirlin,"68493 Sibyl Plaza Suite 274
Lake Francisco, WV 78924-2416",Apr-05-1986
20,Jana,Gleason,"31313 Rodriguez Islands
West Royceton, PA 67555-9624",Jun-04-1976
21,Lenora,Marquardt,"1875 Sydney Causeway
West Chandlershire, IN 60615",Jan-02-1995
22,Waylon,Roberts,"3431 Kayleigh Spur Suite 921
New Shane, KS 65715-7429",May-01-2013
23,Ona,Reinger,"8851 Elton Club
New Travisview, WA 36016",Feb-26-1984
24,Miles,Kihn,"725 Barton Courts
Mabelfurt, AR 01954-8067",Nov-05-1975
25,Winfield,Oberbrunner,"35855 Yost Isle Apt. 373
Christianfurt, NJ 06541-9688",Jul-14-2023
26,Leola,Kuhlman,"1492 Clare Centers
Prohaskabury, AL 76578-4349",Oct-05-1970
27,Neil,Goldner,"71211 Rubye Turnpike Suite 143
Samanthahaven, AZ 33778-9492",Sep-05-2006
28,Bailee,Abernathy,"47534 Louie Wall Suite 108
Lake Janiceshire, AL 67677",Apr-02-1994
29,Raymundo,Marks,"63122 Becker Square
North Garland, SC 31099",Jan-22-1991
30,Ronaldo,Doyle,"901 Hickle Points
Eulamouth, VT 32380",May-20-1984
31,Gina,Harvey,"1138 Kristopher Villages Apt. 768
Lake Kyramouth, ID 72374-5948",Nov-14-1978
32,Raheem,Treutel,"13146 Kunde Burgs
New Richieview, AZ 80908-8488",Apr-30-2011
33,Rebeca,Raynor,"22489 Heller Mountain
Kamilleton, IN 66340",Apr-18-1973
34,Elissa,Parisian,"8262 Jazmyne Trace Apt. 356
New Ayden, CO 88059",Oct-29-2007
35,Ike,Medhurst,"94697 Wiza Islands Suite 393
North Dockberg, HI 28700-8617",Jun-11-2012
36,Shanelle,Carter,"1664 Ari Shoals Apt. 368
Kreigerland, NV 58593",Dec-15-2006
37,Violet,Hoppe,"944 Merlin Land
East Drewview, NM 57334",May-11-2004
38,Michelle,Littel,"23371 Charlene Lane Apt. 056
Port Antonia, UT 32498",Apr-20-2013
39,Raheem,Rolfson,"95252 Legros Crest Apt. 097
South Reyville, CA 31489-9200",Jul-13-1998
40,Oleta,Marvin,"32617 Kuhn Highway
New Doris, VA 44156-9068",Jun-12-1984
41,Genesis,Hessel,"56251 Greenholt Ramp
Lake Lorifort, DC 27658-0437",Sep-18-1998
42,Erika,Wilkinson,"143 Aylin Fork
North Wilhelmineburgh, WI 95555",Dec-20-2005
43,Lindsay,Homenick,"979 Nedra Terrace
Augustastad, PA 52093-0698",Oct-31-1989
44,Pedro,Schowalter,"7162 Marcos View Suite 796
Nienowstad, AL 26942-1055",Sep-25-2008
45,Candida,Konopelski,"2339 Lorenza Valleys Suite 274
Weissnatside, CA 72172-4761",Jan-20-1974
46,Trinity,Rohan,"697 Glover Flat
Hamillchester, DC 30990-9851",Nov-17-2007
47,Andreanne,Carroll,"717 Sylvia Wells Suite 889
East Robynbury, MA 09375",Jan-17-1987
48,Katelin,Murphy,"1678 Lawson Field
Davontetown, KS 67951-7730",Mar-17-1987
49,Karolann,Terry,"61880 Wiza Parkways Apt. 096
East Reggiechester, AZ 55146",Jun-28-2022
50,Nikko,Strosin,"48364 Goyette Trail Suite 556
Ziemannport, MN 33611",Jul-04-2005
51,Johnpaul,Donnelly,"2037 Stokes Shore
East Linneaside, KS 41763-5794",May-27-1978
52,Cassidy,O'Keefe,"3962 Bryon Causeway Suite 043
West Shanny, MN 15771-9437",Jul-01-2020
53,Zena,Heidenreich,"5869 Denesik Freeway
Corkerymouth, WA 75665",Jul-21-1994
54,Enola,Homenick,"5897 Lula Isle
Mayerburgh, IA 44682-8081",Apr-03-2017
55,Adrain,King,"547 Fanny Estate
New Evertborough, NE 26610-2960",May-22-2003
56,Arden,Berge,"728 Kuhic Locks
Dickinsonland, NM 62329",Jun-26-1994
57,Devin,Prosacco,"36161 Jazmyne Courts
New Lilianton, KS 34250-5178",Apr-06-1988
58,Rowland,Simonis,"2691 Amiya Hollow
New Madonnashire, CO 48594-4930",Apr-25-1982
59,Lorenzo,Flatley,"505 Conroy Port Apt. 509
Samaraberg, PA 87676-7126",Aug-24-1976
60,Bo,Moore,"27589 Hoeger Lodge Suite 957
Kesslerfurt, OH 68680",Feb-26-2017
61,Gregorio,Blanda,"29644 Annetta Courts
New Faye, MT 30903-8889",Jan-29-1974
62,Anthony,Homenick,"74004 Stark Ferry Suite 174
Hattietown, CA 40565-5608",Feb-26-1988
63,Schuyler,Haag,"3585 Prosacco Rapids Suite 084
Lake Jayson, AK 38561",Jul-03-2018
64,Alverta,Fahey,"2317 Baumbach Field Suite 301
Emeraldview, LA 61564",Dec-04-2000
65,Loma,Wolff,"951 Vaughn Dale Suite 620
Kuhicstad, IL 34342",May-05-1997
66,Domenick,Hickle,"86884 Berta Mill Suite 531
Smithamberg, RI 62794-1081",Jun-29-1991
67,Holden,Brakus,"1346 Johnston Knolls Apt. 492
West Cleta, IN 04614",Mar-28-2006
68,Louvenia,Champlin,"8251 Quitzon Extensions
Port Laurenfurt, AK 64202",Apr-09-1999
69,Ines,Pollich,"76164 Abshire Heights Apt. 567
New Louisafurt, NV 68412",Apr-10-1977
70,Bradley,White,"24354 Haskell Path Apt. 074
North Melodyburgh, AR 24500-3975",Aug-06-1973
71,Sarai,Monahan,"785 Prohaska Greens Suite 535
South Bernardo, VA 52938",Nov-15-2002
72,Audra,Sanford,"4226 Willie Cove
Theronstad, MO 51490-6309",Feb-06-1976
73,Aron,Bergnaum,"20030 McLaughlin Neck Suite 428
Eliseville, CA 84943-5409",May-07-1985
74,Geoffrey,Conn,"35619 Denesik Glen Suite 301
Onaborough, ME 73417-1488",Sep-27-1982
75,Summer,Botsford,"8698 Ulices Flat
North Dovie, WV 79892",Apr-24-2019
76,Elda,Littel,"20258 Jarrell Ways
Goldnerborough, UT 16106",May-21-1986
77,Cameron,Yundt,"3675 Rosanna Harbor
Mercedesborough, SD 21066-1468",Feb-17-1978
78,Filomena,Klocko,"71000 Fadel Glens Apt. 540
New Hailey, CO 29391-2938",Mar-30-1978
79,Giles,Langosh,"149 Jazmin Club
Mandystad, SC 74258-1443",Feb-17-1995
80,Liliane,Ruecker,"7305 Caden Heights Apt. 225
East Lukasfort, OR 97093-9656",Mar-08-1996
81,Lou,Gottlieb,"48904 Quitzon Canyon Apt. 066
New Taniaburgh, WI 92661-7292",Jun-20-1981
82,Jalon,Treutel,"85183 Verdie Dam Suite 464
East Joanny, LA 76017-4621",Sep-17-2010
83,Darron,Koss,"355 Kaylin Course
South Ottoborough, OK 27543-3264",Mar-24-1982
84,Lawson,Larkin,"583 Lockman Gateway Suite 278
Lake Ileneburgh, VT 58367-6346",Jul-15-1982
85,Ena,Hirthe,"2859 Nina Unions Suite 013
North Luellaview, DC 15110",Oct-20-1976
86,Carmella,Price,"816 Cletus View
Ortizberg, NV 46585-9031",Aug-20-1974
87,Heather,Rath,"5522 Trantow Unions
Mayertbury, NH 11500-7794",Mar-02-1979
88,Ernie,Lubowitz,"977 Leilani Plains Apt. 593
Montanachester, MO 94476-5391",Sep-21-1996
89,Rosalinda,Okuneva,"3261 Keenan Mountain Apt. 564
Port Carolyne, AL 62365",Dec-23-2007
90,Jamaal,Swaniawski,"9557 Oda Dale Suite 708
Marvinfurt, CO 18257",Oct-10-1975
91,Viola,Ward,"156 Verona Extension Apt. 992
Mosebury, AR 40661-1780",Jul-23-2003
92,Jackie,Dietrich,"424 Bogisich Ranch
Frankshire, NY 95556",Nov-11-1972
93,Davin,Deckow,"559 Phoebe Fork Suite 658
New Eunaside, CA 55586",Sep-17-1992
94,Michale,Dach,"69937 Corwin Village
East Felicitychester, DE 98785-8883",Feb-16-2012
95,Shana,McKenzie,"6392 Sheila Forges
Sengerland, AL 57369-1085",Apr-25-1978
96,Cindy,Muller,"77138 Eichmann Plain
South Parker, OR 74205",Mar-09-2012
97,Monica,Thiel,"59872 Hoppe Course Suite 467
Willyberg, WV 49552",Jul-16-2009
98,Kaleb,Marquardt,"994 Terence Junction
Lake Diego, NH 56644-2184",Sep-23-1996
99,Vinnie,Abernathy,"2056 Vallie Ford Apt. 659
Johnschester, KS 37520",Sep-14-2018
100,Kiana,Dietrich,"917 Eusebio Curve
West Caitlyn, MN 87849",Sep-22-1994
